user_text,assistant_text,source_dataset,intent
chronic urethral obstruction due to benign prismatic hyperplasia can lead to the following change in kidney parenchyma,hyperophy,medmcqa_train,clinical_qa
which vitamin is supplied from only animal source:,vitamin b7,medmcqa_train,clinical_qa
all of the following are surgical options for morbid obesity except ,duodenal switch,medmcqa_train,clinical_qa
"following endaerectomy on the right common carotid, a patient is found to be blind in the right eye. it is appears that a small thrombus embolized during surgery and lodged in the aery supplying the optic nerve. which aery would be blocked?",central aery of the retina,medmcqa_train,clinical_qa
growth hormone has its effect on growth through?,directly,medmcqa_train,clinical_qa
scrub typhus is transmitted by: september 2004,tick,medmcqa_train,clinical_qa
abnormal vascular patterns seen with colposcopy in case of cervical intraepithelial neoplasia are all except,mosaicism,medmcqa_train,clinical_qa
per rectum examination is not a useful test for diagnosis of,hemorrhoid,medmcqa_train,clinical_qa
characteristics of remifentanyl – a) metabolised by plasma esteraseb) short half lifec) more potent than alfentanyld) dose reduced in hepatic and renal diseasee) duration of action more than alfentanyl,bc,medmcqa_train,clinical_qa
hypomimia is ?,decreased execution,medmcqa_train,clinical_qa
naglers reaction is shown by,clostridium botulinum,medmcqa_train,clinical_qa
"which of the following statements are true/false? 1. hirsutism, which is defined as androgen dependent excessive male pattern hair growth, affects approximately 25% of women. 2. virilization refers to a condition in which androgen levels are sufficiently high to cause additional signs and symptoms. 3. frequently, patients with growth hormone excess (i.e., acromegaly) present with hirsutism. 4. a simple and commonly used method to grade hair growth is the modified scale of ferriman and gallwey. 5. scores above 8 suggest excess androgen mediated hair growth.","1, 3, 5 true & 2, 4 false",medmcqa_train,clinical_qa
the pharmakokinetic change occurring in geriatric patient is due to,liver metabolism,medmcqa_train,clinical_qa
true regarding lag phase is?,time taken to adpt in the new environment,medmcqa_train,clinical_qa
a 60 yr old chronic smoker presents with painless gross hematuria of 1 day duration. investigation of choice to know the cause of hematuria,urine routine,medmcqa_train,clinical_qa
with which of the following receptors theophylline has an antagonistic interaction ?,bradykinin receptors,medmcqa_train,clinical_qa
hyper viscosity is seen in,cryoglobulinemia,medmcqa_train,clinical_qa
for a positively skewed curve which measure of central tendency is largest,mean,medmcqa_train,clinical_qa
the process of hardening a cement matrix through hydration with oral fluids to achieve greater mechanical strength is known as:,maturation,medmcqa_train,clinical_qa
superior vena cava is derived from:,pharyngeal arch,medmcqa_train,clinical_qa
testicular artery usually arises from,abdominal aorta below renal artery,medmcqa_train,clinical_qa
position of vocal cord in cadaver is:,paramedian,medmcqa_train,clinical_qa
organisms that has not been cultured successfully so far is ,leptospira,medmcqa_train,clinical_qa
normal waist hip ratio of a female is below,0.7,medmcqa_train,clinical_qa
the most common cause of renal scaring in a 3 year old child is ,tuberculosis,medmcqa_train,clinical_qa
a 6hours old snake bite patient comes to emergency with mild local edema at the injury site. on examination no abnormalities detected and lab repos are normal. most appropriate management is,incision and suction,medmcqa_train,clinical_qa
which of the following agents is most commonly associated with recurrent meningitis due to csf leaks?,meningococci,medmcqa_train,clinical_qa
treatment of choice in traumatic facial nerve injury is:,facial sling,medmcqa_train,clinical_qa
"what is the best method of informing the rural population about oral rehydration technique: march 2013 (d, f)",chalk and talk/lecture,medmcqa_train,clinical_qa
lymph vessel which drain the posterior 1/3 rd of the tongue:,basal vessel.,medmcqa_train,clinical_qa
risk factors associated with post operative nausea and vomiting following strabismus surgery are all except ,age < 3years,medmcqa_train,clinical_qa
all are true about acute osteomyelitis except,severe pain,medmcqa_train,clinical_qa
anterolateral ahroscopy of knee is for:,to see patellofemoral aiculation,medmcqa_train,clinical_qa
regarding vaginal candidiasis which one of the following is false:,intense pruritus,medmcqa_train,clinical_qa
25 year old patient suspected to have a pneumoperitoneum. patient is unable to stand. best x ray view is,left lateral decubitus view,medmcqa_train,clinical_qa
what is the most probable poal of entry of aspergillus?,blood,medmcqa_train,clinical_qa
for tof management in antenatal period includes ?,open hea surgery,medmcqa_train,clinical_qa
what change will be seen in vertebral column in ochronosis ,calcification of disc,medmcqa_train,clinical_qa
"if solid line represent the rigid height, then the following diagram with excessive inter arch space is classified in?",class 1,medmcqa_train,clinical_qa
pearsonian measure of skewness ,mode mean/ sd,medmcqa_train,clinical_qa
following are the causes of sudden loss of vision except ?,central serous retinopathy,medmcqa_train,clinical_qa
all of the following are features of lymph node histology except,coex and medulla are present,medmcqa_train,clinical_qa
"during sx for meningioma, the left paracentral lobule was injured. it would lead to paresis of",rt. leg and perineus,medmcqa_train,clinical_qa
which of the following bacterial meningitis is associated with sudural effusion?,h. influenza,medmcqa_train,clinical_qa
"all of the following statements are true regarding hyperophy, except:",cells capable of division respond to stress by hyperophy and hyperplasia.,medmcqa_train,clinical_qa
glucose sympo occurs with:,na+,medmcqa_train,clinical_qa
all are true about temporal arteritis except ,more corrunon in females,medmcqa_train,clinical_qa
of the various modalities used in the treatment of re threatening effects of hyperkalemia which one of the following as the most rapid onset of action ?,hemodialysis,medmcqa_train,clinical_qa
in chronic alcoholism the rate limiting component for alcohol metabolism excluding enzymes is/are : (pgi dec 2008),nadp,medmcqa_train,clinical_qa
minimum level of iodine iodized salt reaching the consumer level according to iodine programme should be: ,30 ppm,medmcqa_train,clinical_qa
true statement regarding specific death rates,find out cause or disease specific,medmcqa_train,clinical_qa
pre exposure prophylaxis for rabies is given on days,"0, 3",medmcqa_train,clinical_qa
"regarding sjogren's syndrome, all are true except: september 2010",rheumatoid ahritis,medmcqa_train,clinical_qa
best indicator of antemoum drowning is :,froth in mouth and nostrils,medmcqa_train,clinical_qa
splenomegaly may be a feature of: march 2013,megaloblastic anemia,medmcqa_train,clinical_qa
gp2b3a inhibitors are all except ,tirofiban,medmcqa_train,clinical_qa
true of case control studies ,it proceeds from cause to effect,medmcqa_train,clinical_qa
"all of the following could include the mechanism or function of oxigenases, except:",required for hydroxylation of steroids,medmcqa_train,clinical_qa
"according to recent sc judgment, doctor can be charged for medical negligence under 304 a, only if: aiims 12",simple negligence,medmcqa_train,clinical_qa
which of the following is very difficult to induce antibody ,polysaccharide,medmcqa_train,clinical_qa
prevalence is a:,ratio,medmcqa_train,clinical_qa
s2 is best appreciated in ,3rd left intercostal space,medmcqa_train,clinical_qa
position of limb in posterior dislocation of hip ,"flexion, abduction & external rotation",medmcqa_train,clinical_qa
drug causing malignant hyperthermia:(asked twice in the exam),cisatracurium,medmcqa_train,clinical_qa
household insectiside used for malaria ,malathion,medmcqa_train,clinical_qa
false about obstructive jaundice,unconjugated bilirubin,medmcqa_train,clinical_qa
all of the following structure lies outside the cavernous sinus except,foramen lacerum,medmcqa_train,clinical_qa
which of the following is the best procedure done for intrapaum fetal monitoring:,fetal scalp ph,medmcqa_train,clinical_qa
"which of the following is measured by the device, bellow's spirometer?",closing volume,medmcqa_train,clinical_qa
which of the following is a newly emerging food poisoning organism,salmonella typhimurium,medmcqa_train,clinical_qa
atherosclerosis initiation by fibroblast plaque is mediated by injury to ?,adventitia,medmcqa_train,clinical_qa
the wbc that is considered “second line of defence” is:,basophil,medmcqa_train,clinical_qa
mark the true statement regarding use of lithium in maniac depressive psychosis?,monitoring of serum concentration is not useful for guiding dose adjustment,medmcqa_train,clinical_qa
determination of pulp vitality by pulse oximeter based on:,beer's law.,medmcqa_train,clinical_qa
an isograft indicates transfer of tissues between ,related donors,medmcqa_train,clinical_qa
all of the following are causes of congenital blindness except,congenital rubella,medmcqa_train,clinical_qa
hypersecretory glaucoma is seen in –,epidemic dropsy,medmcqa_train,clinical_qa
"a 14 year old girl presents with quadriparesis, facial palsy, winging of scapula and ptosis. there is h/o similar illness in father and brother but less severe. her cpk level is also raised (500iu/l). she is probably suffering from?",limb girdle dystrophy,medmcqa_train,clinical_qa
which of the following is true statement regarding human eye,cornea cut off wavelength upto 400 nm,medmcqa_train,clinical_qa
which of the following muscle is not a hybrid muscle,pectoralis major,medmcqa_train,clinical_qa
delayed union of fracture of a bone follo wing a surgical treatment may be due to,inadequate mobilization,medmcqa_train,clinical_qa
what is the pressure of inspiration?,intrapleuarl,medmcqa_train,clinical_qa
one standard detion in normal standard curev includes value ,50%,medmcqa_train,clinical_qa
foam cells are seen in infection with which virus ?,measles,medmcqa_train,clinical_qa
"during extraction of the upper first molar, the mesio buccal root is missing and is suspected to have been pushed into the maxillary sinus. the best position for the patient immediately after the incident is",to position the patient upright,medmcqa_train,clinical_qa
rescue p.c.i is done for which of the following?,persistent chest pain with st elevation > 30 min after thrombolysis,medmcqa_train,clinical_qa
fever associated with infection,is due to interleukin 1 released from cd4 t helper cells,medmcqa_train,clinical_qa
last organ to putrefy in females is?,liver,medmcqa_train,clinical_qa
hamartomatous lung tissue is?,lobar sequestration,medmcqa_train,clinical_qa
test for diagnosis of pyogenic meningitis is?,csf pcr,medmcqa_train,clinical_qa
causes of thickened gallbladder wall on ultrasound examination are all except:,congestive cardiac failure,medmcqa_train,clinical_qa
"in caloric test, cold water stimulation causes movement of eye ",some side,medmcqa_train,clinical_qa
which of the following is not false about annual risk of tb,it is represents new cases of tb,medmcqa_train,clinical_qa
"a 12 year old girl presents to the casualty with symptoms of fever, shoness of breath, and cough. a chest x ray reveals complete consolidation of the lower lobe of the left lung. cultures of the lower lobe of the left lung would most likely reveal which organism?",streptococcus pneumoniae,medmcqa_train,clinical_qa
iga deposits on skin biopsy,henoch schouleiln puspura,medmcqa_train,clinical_qa
a dentin 'primer'?,etches the dentin,medmcqa_train,clinical_qa
which of the following hormonal activity is expected immediately prior to ovulation?,lh surge,medmcqa_train,clinical_qa
following are fibrous joints :,pubic symphysis,medmcqa_train,clinical_qa
for exhumation the order should be passed by ,chief judicial magistrate,medmcqa_train,clinical_qa
the radiograph of a 32 year old patient is shown below. the patient is asymptomatic and the lesion revealed in the radiograph is an accidental finding. the most likely diagnosis is:,stafne’s bone cavity,medmcqa_train,clinical_qa
which of the following is not true for myelinated nerve fibers:,impulse through myelinated fibers is slower than non myelinated fibers,medmcqa_validation,clinical_qa
which of the following is not true about glomerular capillaries'),the oncotic pressure of the fluid leaving the capillaries is less than that of fluid entering it,medmcqa_validation,clinical_qa
a 29 yrs old woman with a pregnancy of 17 week has a 10 years old boy with down syndrome. she does not want another down syndrome kid; best advice to her is,ultra sound at this point of time will definitely tell her that next baby will be down syndromic or not,medmcqa_validation,clinical_qa
axonal transport is:,retrograde,medmcqa_validation,clinical_qa
low insulin to glucagon ratio is seen in all of these except:,glycogen synthesis,medmcqa_validation,clinical_qa
concentration of tropicamide:,0.01,medmcqa_validation,clinical_qa
which of the following statements is true regarding h i n1 influenza?,pregnant woman with sore throat can be staed immediately on oseltamivir without diagnostic testing under category b,medmcqa_validation,clinical_qa
which of the following are not a branch of external carotid aery in kiesselbach's plexus.,sphenopalatine aery,medmcqa_validation,clinical_qa
diagnosis of the following ecg ,ventricular bigeminy,medmcqa_validation,clinical_qa
a blue new born presents with cyanosis. the x–ray chest reveal oligaemic lung field and normal sized heart. most likely diagnosis is –,ebstein's anomaly,medmcqa_validation,clinical_qa
27. the lateral spread of dental caries is facilitated mostly by the,enamel spindles,medmcqa_validation,clinical_qa
a second year pg resident tells you to perform an abg of a patient. all of the following are true about performing an abg except:,"before performing the abg, syringe should be loaded with 0.3 cc of heparin",medmcqa_validation,clinical_qa
respiratory rhythm generation center is located at:,dorsal respiratory group,medmcqa_validation,clinical_qa
gait apraxia is seen in thromboembolic episode involving:,aca,medmcqa_validation,clinical_qa
heavy forces on periodontal ligament causes:,hyalinization,medmcqa_validation,clinical_qa
"about n. gonorrhoea, all are true except",most common cause of urethritis in male,medmcqa_validation,clinical_qa
"a patient who was on ventilator and being ventilated for past few days, suddenly pulls out the endotracheal tube. what is the next step of management?","assess the patient, give bag and mask ventilation and look for spontaneous breathing",medmcqa_validation,clinical_qa
"in a 6 month old child, thick curd like white patch appears on the buccal mucosa. on rubbing it leaves an erythematous patch. most likely diagnosis is:",lupus erythematous,medmcqa_validation,clinical_qa
characteristic of venous blood flow of lower limb in duplex doppler is?,monophasic,medmcqa_validation,clinical_qa
the source of calcium ions of a calcific bridge in a tooth in which calcium hydroxide pulpotomy has been performed is:,blood vessel borne,medmcqa_validation,clinical_qa
"2, 3 bpg binds to sites of haemoglobin and the affinity for oxygen","4, decreases",medmcqa_validation,clinical_qa
highest concentration of oxygen is delivered through?,venturi mask,medmcqa_validation,clinical_qa
sharpest cusp is seen in,upper canine,medmcqa_validation,clinical_qa
a mother is hbs ag positive and anti hbe ag positive. risk of transmission of hep. b in child is:,20%,medmcqa_validation,clinical_qa
"in a patient with competent lips together at rest, the lip line is opposite the tips of the upper incisors. the lip line is then described as",incomplete,medmcqa_validation,clinical_qa
"a patient presented to emergency with overdose some drug. there were increased salivation and increased bronchial secretions. on examination, blood pressure was 88/60 mmhg. rbc esterase level is 50. what should be the treatment of this person?",neostigmine,medmcqa_validation,clinical_qa
the current bar clasp design used is:,mesio occlusal rest,medmcqa_validation,clinical_qa
all of the following are true regarding class ii inlay gingival margins preparation except?,lap sliding fit of metal margin,medmcqa_validation,clinical_qa
breakdown of periodontal fibres in periodontitis is due to bacterial enzyme: (or) which of the following bacterial products have been implicated in initiation of inflammatory periodontal disease?,collagenase,medmcqa_validation,clinical_qa
"in a study, two groups of newborns are checked for their weights based on whether their mothers received food supplements or not. the appropriate test which can be used for comparing the data is:",paired t test,medmcqa_validation,clinical_qa
which vitamin is required for glycogen phosphorylase?,plp,medmcqa_validation,clinical_qa
a child's behaviour is traced to have dental difficulties from his mother. the most satisfactory method of handling the situation is to:,introduce another child as a good example,medmcqa_validation,clinical_qa
which of the following is the only complete cailage ring in the respiratory tree?,cricoid cailage,medmcqa_validation,clinical_qa
steps of intubation arrange in sequence: a. head extension and flexion of neck b. introduction of laryngoscope c. inflation of cuff d. check breath sounds with stethoscope e. fixation of the tube to prevent dislodgement,abcde,medmcqa_validation,clinical_qa
in erythroblastosis fetalis not involved is –,anti e,medmcqa_validation,clinical_qa
"a dentist suffered from hepatitis b infection 3 months back. his laboratory tests are normal, but he is not allowed by the medical board to do surgical practice. he is:",healthy carrier,medmcqa_validation,clinical_qa
a pediatrician in a district hospital with specialization neonatal care unit calls an ophthalmologist for consultation for which of the following?,a newborn with respiratory distress,medmcqa_validation,clinical_qa
"in a child with active liver failure, the most important prognosis factor for death is –",increasing prothrombin time,medmcqa_validation,clinical_qa
"a patient went into shock immediately after normal delivery, likely cause:",pph,medmcqa_validation,clinical_qa
"a patient presented with flat topped violaceous papules, thinning of nails and onycholysis. what is the microscopic finding observed in this patient?",suprabasal split,medmcqa_validation,clinical_qa
which of the following is not. true regarding myelopathy?,sensory loss of facial area,medmcqa_validation,clinical_qa
which of the following committees has recommended a 3 year bachelor degree in medical education for rural health service?,high level expe group of universal health program for india,medmcqa_validation,clinical_qa
sequential arrangement of fetal scans ,anomalous scan and nt scan,medmcqa_validation,clinical_qa
which one of the following is a muscle splitting incision?,pfannenstiel incision,medmcqa_validation,clinical_qa
multiple canals in mandibular premolars are seen in?,africas,medmcqa_validation,clinical_qa
which of the following blade angle is appropriate for scaling and root planing,a,medmcqa_validation,clinical_qa
which pa of brachial plexus do not give branches,root,medmcqa_validation,clinical_qa
"if the rb gene phosphorylation is defective, which of the following will happen?",cell cycle will stop at gi phase,medmcqa_validation,clinical_qa
cumulative index is:,ramjford's periodontal index,medmcqa_validation,clinical_qa
the cells which will proliferate from top to bottom of villi are:,goblet cells,medmcqa_validation,clinical_qa
what is the usual weight of rabbit used in ophthalmological experiments?,0.5 1 kg,medmcqa_validation,clinical_qa
"in plasmodium vivax malaria, relapse is caused by:september 2012",schizont,medmcqa_validation,clinical_qa
retraction of mandible is achieved by:,lateral pterygoid,medmcqa_validation,clinical_qa
how is modified shock index represented as?,hr/map,medmcqa_validation,clinical_qa
"a 3 week neonate with ambiguous genitalia presented with na+ 127 meq/l, k+ 7.2 meq/l wit bp 52/24 mm hg and he was managed with iv fluids. what is the next step of management?",spironolactone,medmcqa_validation,clinical_qa
base pairs in dna,46 billions,medmcqa_validation,clinical_qa
which of the following is a solid solution?,cobalt chromium,medmcqa_validation,clinical_qa
tracheal secretions should be suctioned for:,10 15 seconds,medmcqa_validation,clinical_qa
"a patient presents with carcinoma of the larynx involving the left false cords, left arytenoid and the left aryepiglottic folds with bilateral mobile true cords. treatment of choice is ",vertical hemilaryngectomy,medmcqa_validation,clinical_qa
which of the following lipoproteins does not move towards charged end in electrophoresis?,hdl,medmcqa_validation,clinical_qa
"a 60 years old male presented with fever, chills and dysuria. patient was hospitalized in emergency for 5 days. psa level was 7.4. next best step in this patient:",trus guided biopsy,medmcqa_validation,clinical_qa
name the structure marked with arrow,golgi bodies,medmcqa_validation,clinical_qa
"a patient from,nqh eastern states was diagnosed to have infection with p. falciparum malaria. what is the most appropriate drug for this patient?",aemether plus lumefantrine,medmcqa_validation,clinical_qa
"iron is present in all, except",catalase,medmcqa_validation,clinical_qa
the most common bone tumor that occurs in children is:,osteosarcoma,medmcqa_validation,clinical_qa
"in a couple for treatment of infeility from the last four years, female paner is normal. male paner has 0.8 ml semen volume per ejaculate on two repeated samples and absent fructose, with no sperms on examination under microscope. what is the next line of management?",testicular biopsy,medmcqa_validation,clinical_qa
the zygomatic bone does not articulate with:,maxillary bone,medmcqa_validation,clinical_qa
which of the following statements is true regarding medical aboion?,can only be done up to 72 days,medmcqa_validation,clinical_qa
calcium ions triggers muscle contraction by binding to:,myosin,medmcqa_validation,clinical_qa
"sd plasma destroys lipid enveloped virus. on sd plasma transfusion, which of the following infection is the likely possibility?",hiv,medmcqa_validation,clinical_qa
"according to the intelligence quotient classification, a score of 90 110 is:",low average.,medmcqa_validation,clinical_qa
"due to which of the following enzyme deficiency, vitamin c cannot be synthesised in humans?",l gulonic acid reductase,medmcqa_validation,clinical_qa
in a patient of heart disease antibiotic prophylaxis for dental extraction is:,amoxicillin.,medmcqa_validation,clinical_qa
"which of the following type of failure may occur, if the coefficient of thermal expansion of ceramic is much lower than that of metal?",cohesive failure of ceramic,medmcqa_validation,clinical_qa
anti monsoon curve seen in :,anterior,medmcqa_validation,clinical_qa
"a 10 years old child has lytic lesions in upper femur, the differential diagnosis can be all except :",plasmacytoma,medmcqa_validation,clinical_qa
during periradicular surgery bone is removed with?,round burr,medmcqa_validation,clinical_qa
the primary function of the dental pulp is:,nutritive,medmcqa_validation,clinical_qa
which of the following increases callus formation:,rigid immobilization,medmcqa_validation,clinical_qa
child of vasanthi was weaned from breast milk on the 5th day and was given sugarcane juice the child developed hypoglycemia and hepatomegaly biochemical examination showed hypophosphatemia and enzyme deficiencies–reducing substances in urine. the child is probably suffering from which of the following enzyme deficiencies –,fructokinase,medmcqa_validation,clinical_qa
skeletal muscles,contracts when actin and myosin filaments shorten,medmcqa_validation,clinical_qa
which of the following is most effective for gluconeogenesis in starvation?,acetyl co a stimulation of pyruvate carboxylase,medmcqa_validation,clinical_qa
which is not involved in iron metabolism?,transthyretin,medmcqa_validation,clinical_qa
a 14 year girl presented with absent thelarche.on examination uterus was present. investigations showed high fsh. karyotype is xy.what is the probable diagnosis?,gonadal dysgenesis,medmcqa_validation,clinical_qa
reciprocal arm taper in,1 dimension,medmcqa_validation,clinical_qa
bluegrass appliance is used to treat:,tongue thrusting.,medmcqa_validation,clinical_qa
on a primary 2nd molar caries occur most commonly on,occlusal pit and fissures,medmcqa_validation,clinical_qa
waldeyer's lymphatic chain is formed by all except,tubal and lingual tonsils,medmcqa_validation,clinical_qa
"polydactyly, craniosynostosis, late closure of fontanelles is a feature of:",apert's syndrome,medmcqa_validation,clinical_qa
physiological changes seen in laparoscopy include all except:,increased cvp,medmcqa_validation,clinical_qa
which of the following nerve fibre types is least susceptible to la blockade?,a beta,medmcqa_validation,clinical_qa
"a child born with multiple congenital defect including cleft palate, neural tube defect, atrial septal defect and microcephaly which of the following drug is used by mother during pregnancy:",erythromycin,medmcqa_validation,clinical_qa
incorporation of peripheral seal in an impression is necessary to obtain;,stability,medmcqa_validation,clinical_qa
increase in height of mandible with increase in interdental spaces in elderly man,hyperpituitarism,medmcqa_validation,clinical_qa
a patient has seasonal allergic rhinitis and is on terfenadine. he develops cardiac arrhythmias after a course of antibiotics. which of the following antibiotic could have been given:,tetracycline,medmcqa_validation,clinical_qa
modulus of elasticity means:,rigidity or stiffness of the material,medmcqa_validation,clinical_qa
vwf factor is produced by:,platelets,medmcqa_validation,clinical_qa
which of the following statement is false statement about snake bites?,atropine premedication should be used before administering neostigmine,medmcqa_validation,clinical_qa
a prosthetic appliance given to cover the palatal defect in patients with cleft palate is called,artificial velum,medmcqa_validation,clinical_qa
biofilm forming bacteria causes antimicrobial resist ance by all of the following except:,altered metabolism,medmcqa_validation,clinical_qa
do mitochondria play a role in remodelling lace plant leaves during programmed cell death?,"results depicted mitochondrial dynamics in vivo as pcd progresses within the lace plant, and highlight the correlation of this organelle with other organelles during developmental pcd. to the best of our knowledge, this is the first report of mitochondria and chloroplasts moving on transvacuolar strands to form a ring structure surrounding the nucleus during developmental pcd. also, for the first time, we have shown the feasibility for the use of csa in a whole plant system. overall, our findings implicate the mitochondria as playing a critical and early role in developmentally regulated pcd in the lace plant. final decision: yes",pubmedqa_train,evidence_qa
landolt c and snellen e acuity: differences in strabismus amblyopia?,"using the charts described, there was only a slight overestimation of visual acuity by the snellen e compared to the landolt c, even in strabismus amblyopia. small differences in the lower visual acuity range have to be considered. final decision: no",pubmedqa_train,evidence_qa
"syncope during bathing in infants, a pediatric form of water induced urticaria?","""aquagenic maladies"" could be a pediatric form of the aquagenic urticaria. final decision: yes",pubmedqa_train,evidence_qa
are the long term results of the transanal pull through equal to those of the transabdominal pull through?,"our long term study showed significantly better (2 fold) results regarding the continence score for the abdominal approach compared with the transanal pull through. the stool pattern and enterocolitis scores were somewhat better for the terpt group. these findings raise an important issue about the current surgical management of hd; however, more cases will need to be studied before a definitive conclusion can be drawn. final decision: no",pubmedqa_train,evidence_qa
can tailored interventions increase mammography use among hmo women?,"the effects of the intervention were most pronounced after the first intervention. compared to usual care, telephone counseling seemed particularly effective at promoting change among nonadherent women, the group for whom the intervention was developed. these results suggest that telephone counseling, rather than tailored print, might be the preferred first line intervention for getting nonadherent women on schedule for mammography screening. many questions would have to be answered about why the tailored print intervention was not more powerful. nevertheless, it is clear that additional interventions will be needed to maintain women's adherence to mammography. medical subject headings (mesh): mammography screening, telephone counseling, tailored print communications, barriers. final decision: yes",pubmedqa_train,evidence_qa
double balloon enteroscopy: is it efficacious and safe in a community setting?,"dbe appears to be equally safe and effective when performed in the community setting as compared to a tertiary referral center with a comparable yield, efficacy, and complication rate. final decision: yes",pubmedqa_train,evidence_qa
30 day and 1 year mortality in emergency general surgery laparotomies: an area of concern and need for improvement?,"emergency laparotomy carries a high rate of mortality, especially in those over the age of 70 years, and more needs to be done to improve outcomes, particularly in this group. this could involve increasing acute surgical care manpower, early recognition of patients requiring emergency surgery, development of clear management protocols for such patients or perhaps even considering centralisation of emergency surgical services to specialist centres with multidisciplinary teams involving emergency surgeons and care of the elderly physicians in hospital and related community outreach services for post discharge care. final decision: maybe",pubmedqa_train,evidence_qa
is adjustment for reporting heterogeneity necessary in sleep disorders?,"sleep disorders are common in the general adult population of japan. correction for reporting heterogeneity using anchoring vignettes is not a necessary tool for proper management of sleep and energy related problems among japanese adults. older age, gender differences in communicating sleep related problems, the presence of multiple morbidities, and regular exercise should be the focus of policies and clinical practice to improve sleep and energy management in japan. final decision: no",pubmedqa_train,evidence_qa
do mutations causing low hdl c promote increased carotid intima media thickness?,genetic variants identified in the present study may be insufficient to promote early carotid atherosclerosis. final decision: no,pubmedqa_train,evidence_qa
a short stay or 23 hour ward in a general and academic children's hospital: are they effective?,this data demonstrates the robust nature of the short stay ward. at these two very different institutions we have shown improved bed efficient and patient care in a cost effective way. we have also reported on greater parental satisfaction and early return of the child with their family to the community. final decision: yes,pubmedqa_train,evidence_qa
did chile's traffic law reform push police enforcement?,"findings suggest that traffic law reforms in order to have an effect on both traffic fatality and injury rates reduction require changes in police enforcement practices. last, this case also illustrates how the diffusion of successful road safety practices globally promoted by who and world bank can be an important influence for enhancing national road safety practices. final decision: yes",pubmedqa_train,evidence_qa
therapeutic anticoagulation in the trauma patient: is it safe?,"trauma patients have a significant complication rate related to anticoagulation therapy, and predicting which patients will develop a complication remains unclear. prospective studies are needed to determine which treatment regimen, if any, is appropriate to safely anticoagulate this high risk population. final decision: no",pubmedqa_train,evidence_qa
differentiation of nonalcoholic from alcoholic steatohepatitis: are routine laboratory markers useful?,"higher mcvs and ast/alt ratios in ash reflect the severity of underlying liver disease and do not differentiate nash from ash. instead, these biomarkers might prove useful in guiding selection of patients for liver biopsy and in targeting therapy. final decision: yes",pubmedqa_train,evidence_qa
prompting primary care providers about increased patient risk as a result of family history: does it work?,"no change occurred upon instituting simple, at the visit family history prompts geared to improve pcps' ability to identify patients at high risk for 6 common conditions. the results are both surprising and disappointing. further studies should examine physicians' perception of the utility of prompts for family history risk. final decision: no",pubmedqa_train,evidence_qa
do emergency ultrasound fellowship programs impact emergency medicine residents' ultrasound education?,emergency us fellowship programs had a positive impact on residents' us educational experiences. emergency medicine residents performed more scans overall and also used bedside us for more advanced applications in programs with eus fellowships. final decision: yes,pubmedqa_train,evidence_qa
patient controlled therapy of breathlessness in palliative care: a new therapeutic concept for opioid administration?,opioid pct is a feasible and acceptable therapeutic method to reduce refractory breathlessness in palliative care patients. final decision: yes,pubmedqa_train,evidence_qa
is there still a need for living related liver transplantation in children?,"the short and long term outcomes after lrt and slt did not differ significantly. to avoid the risk for the donor in lrt, slt represents the first line therapy in pediatric liver transplantation in countries where cadaveric organs are available. lrt provides a solution for urgent cases in which a cadaveric graft cannot be found in time or if the choice of the optimal time point for transplantation is vital. final decision: yes",pubmedqa_train,evidence_qa
do patterns of knowledge and attitudes exist among unvaccinated seniors?,findings suggest that cluster analyses may be useful in identifying groups for targeted health messages. final decision: yes,pubmedqa_train,evidence_qa
is there a model to teach and practice retroperitoneoscopic nephrectomy?,rpn in a porcine model is feasible and could be very useful for teaching and practicing retroperitoneoscopy. final decision: yes,pubmedqa_train,evidence_qa
cardiovascular risk in a rural adult west african population: is resting heart rate also relevant?,significant associations were observed between rhr and several established cardiovascular risk factors. prospective studies are needed in sub saharan african populations to establish the potential value of rhr in cardiovascular risk assessment. final decision: yes,pubmedqa_train,evidence_qa
israeli hospital preparedness for terrorism related multiple casualty incidents: can the surge capacity and injury severity distribution be better predicted?,hospital preparedness can be better defined by a fixed number of casualties rather than a percentile of its bed capacity. only 20% of the arriving casualties will require immediate medical treatment. implementation of this concept may improve the utilisation of national emergency health resources both in the preparation phase and on real time. final decision: yes,pubmedqa_train,evidence_qa
acute respiratory distress syndrome in children with malignancy can we predict outcome?,"peak inspiratory pressure, peep, and ventilation index values could distinguish survivors from nonsurvivors by day 3. this may assist in early application of supportive nonconventional therapies in children with malignancy and ards. final decision: yes",pubmedqa_train,evidence_qa
secondhand smoke risk in infants discharged from an nicu: potential for significant health disparities?,"the most disadvantaged families were least likely to have protective health behaviors in place to reduce shse and, consequently, are most at risk for tobacco exposure and subsequent tobacco related health disparities. innovative shse interventions for this vulnerable population are sorely needed. final decision: yes",pubmedqa_train,evidence_qa
do nomograms designed to predict biochemical recurrence (bcr) do a better job of predicting more clinically relevant prostate cancer outcomes than bcr?,"currently available nomograms used to predict bcr accurately predict pcsm and other more clinically relevant endpoints. moreover, not only do they significantly predict pcsm, but do so with generally greater accuracy than bcr. final decision: yes",pubmedqa_train,evidence_qa
are reports of mechanical dysfunction in chronic oro facial pain related to somatisation?,"self reported mechanical factors associated with chronic oro facial pain are confounded, in part, by psychological factors and are equally common across other frequently unexplained syndromes. they may represent another feature of somatisation. therefore the use of extensive invasive therapy such as occlusal adjustments and surgery to change mechanical factors may not be justified in many cases. final decision: yes",pubmedqa_train,evidence_qa
amblyopia: is visual loss permanent?,older people with a history of amblyopia who develop visual loss in the previously normal eye can experience recovery of visual function in the amblyopic eye over a period of time. this recovery in visual function occurs in the wake of visual loss in the fellow eye and the improvement appears to be sustained. final decision: no,pubmedqa_train,evidence_qa
implementation of epidural analgesia for labor: is the standard of effective analgesia reachable in all women?,"present audit shows that the process of implementation of labor analgesia was quick, successful and safe, notwithstanding the identification of one cluster of women with suboptimal response to epidural analgesia that need to be further studies, overall pregnant womens'adhesion to labor analgesia was satisfactory. final decision: yes",pubmedqa_train,evidence_qa
does her2 immunoreactivity provide prognostic information in locally advanced urothelial carcinoma patients receiving adjuvant m vec chemotherapy?,her2 immunoreactivity might have a limited prognostic value for advanced urothelial carcinoma patients with adjuvant m vec. final decision: maybe,pubmedqa_train,evidence_qa
is halofantrine ototoxic?,"halofantrine has mild to moderate pathological effects on cochlea histology, and can be considered an ototoxic drug. final decision: yes",pubmedqa_train,evidence_qa
visceral adipose tissue area measurement at a single level: can it represent visceral adipose tissue volume?,"vat area measurement at a single level 3 cm above the lower margin of the l3 vertebra is feasible and can reflect changes in vat volume and body weight. advances in knowledge: as vat area at a ct slice 3cm above the lower margin of l3 can best reflect interval changes in vat volume and body weight, vat area measurement should be selected at this location. final decision: yes",pubmedqa_train,evidence_qa
necrotizing fasciitis: an indication for hyperbaric oxygenation therapy?,the results of this study cast doubt on the suggested advantage of hbo in reducing patient mortality and morbidity when used as adjuvant therapy for nf. final decision: no,pubmedqa_train,evidence_qa
is the hawkins sign able to predict necrosis in fractures of the neck of the astragalus?,"a positive hawkins sign rules out that the fractured talus has developed avascular necrosis, but its absence does not confirm it. final decision: maybe",pubmedqa_train,evidence_qa
is a mandatory general surgery rotation necessary in the surgical clerkship?,effective undergraduate surgical education can be offered in many specialty settings. removal of the requirement for general surgery in clerkship may lead to a more effective use of all educational opportunities. a careful analysis of local programs and facilities is necessary before suggesting this change to other institutions. final decision: no,pubmedqa_train,evidence_qa
is acupuncture efficacious for treating phonotraumatic vocal pathologies?,the findings showed that acupuncture of voice related acupoints could bring about improvement in vocal function and healing of vocal fold lesions. final decision: yes,pubmedqa_train,evidence_qa
is aneurysm repair justified for the patients aged 80 or older after aneurysmal subarachnoid hemorrhage?,"better prognosis was obtained when ruptured aneurysm was repaired in the elderly than it was treated conservatively. from the results of this study, we should not hesitate to offer the definitive surgery for the elderly with asah. final decision: yes",pubmedqa_train,evidence_qa
do general practice characteristics influence uptake of an information technology (it) innovation in primary care?,"the analyses show that structural characteristics of a practice are not associated with uptake of a new it facility, but that its use may be influenced by post graduate education in the relevant clinical condition. for this diabetes system at least, practice nurse use was critical in spreading uptake beyond initial gp enthusiasts and for sustained and rising use in subsequent years. final decision: no",pubmedqa_train,evidence_qa
prognosis of well differentiated small hepatocellular carcinoma is well differentiated hepatocellular carcinoma clinically early cancer?,"w d hccs were clinically demonstrated not to be early cancer, because there was no significant difference in disease free survival between the patients with w d and l d hccs. final decision: no",pubmedqa_train,evidence_qa
do follow up recommendations for abnormal papanicolaou smears influence patient adherence?,"adherence to follow up was low in this family planning clinic population, no matter what type of follow up was advised. adherence was improved by the use of up to 3 reminders. allocating resources to effective methods for improving adherence to follow up of abnormal results may be more important than which follow up procedure is recommended. final decision: no",pubmedqa_train,evidence_qa
biomolecular identification of allergenic pollen: a new perspective for aerobiological monitoring?,"the real time pcr approach revealed promising results in pollen identification and quantification, even when analyzing pollen mixes. future perspectives could concern the development of multiplex real time pcr for the simultaneous detection of different taxa in the same reaction tube and the application of high throughput molecular methods. final decision: yes",pubmedqa_train,evidence_qa
does diabetes mellitus influence the efficacy of fdg pet in the diagnosis of cervical cancer?,"in comparison with its accuracy in non dm patients, the accuracy of pet in cervical cancer patients with mild to moderate dm was not significantly reduced. final decision: no",pubmedqa_train,evidence_qa
biomechanical and wound healing characteristics of corneas after excimer laser keratorefractive surgery: is there a difference between advanced surface ablation and sub bowman's keratomileusis?,"ophthalmic pathology and basic science research show that sbk and asa are improvements in excimer laser keratorefractive surgery compared to conventional lasik or prk, particularly with regard to maintaining corneal biomechanics and perhaps moderately reducing the risk of corneal haze. however, most of the disadvantages caused by wound healing issues remain. final decision: yes",pubmedqa_train,evidence_qa
does radiotherapy of the primary rectal cancer affect prognosis after pelvic exenteration for recurrent rectal cancer?,patients who previously received radiotherapy for primary rectal cancer treatment have worse oncologic outcomes than those who had not received radiotherapy after pelvic exenteration for locally recurrent rectal cancer. final decision: yes,pubmedqa_train,evidence_qa
can a practicing surgeon detect early lymphedema reliably?,an increase of 5% in circumference measurements identified the most potential lymphedema cases compared with an academic trial. final decision: maybe,pubmedqa_train,evidence_qa
colorectal cancer with synchronous liver metastases: does global management at the same centre improve results?,"gm of crc and slm was associated with fewer procedures but did not influence overall survival. sm was associated with a longer delay and increased use of chemotherapy between procedures, suggesting that more rigorous selection of sm patients for surgery may explain the higher disease free survival after slm resection. final decision: no",pubmedqa_train,evidence_qa
is motion perception deficit in schizophrenia a consequence of eye tracking abnormality?,"speed discrimination, per se, is not impaired in schizophrenia patients. the observed abnormality appears to be a consequence of impairment in generating or integrating the feedback information from eye movements. this study introduces a novel approach to motion perception studies and highlights the importance of concurrently measuring eye movements to understand interactions between these two systems; the results argue for a conceptual revision regarding motion perception abnormality in schizophrenia. final decision: yes",pubmedqa_train,evidence_qa
transgastric endoscopic splenectomy: is it possible?,transgastric endoscopic splenectomy in a porcine model appears technically feasible. additional long term survival experiments are planned. final decision: yes,pubmedqa_train,evidence_qa
it's fournier's gangrene still dangerous?,"the interval from the onset of clinical symptoms to the initial surgical intervention seems to be the most important prognostic factor with a significant impact on outcome. despite extensive therapeutic efforts, fournier's gangrene remains a surgical emergency and early recognition with prompt radical debridement is the mainstays of management. final decision: yes",pubmedqa_train,evidence_qa
is it appropriate to implant kidneys from elderly donors in young recipients?,"we conclude that patient and graft survival on transplanting kidneys from elderly donors to young recipients is superimposable on that obtained with young donors. however, renal function is better in the group of young donors. final decision: yes",pubmedqa_train,evidence_qa
do provider service networks result in lower expenditures compared with hmos or primary care case management in florida's medicaid program?,the medicaid demonstration in florida appears to result in lower pmpm expenditures. demonstration psns generated slightly greater reductions in expenditures compared to demonstration hmos. psns appear to be a promising model for delivering care to medicaid enrollees. final decision: yes,pubmedqa_train,evidence_qa
assessment of carotid artery stenosis before coronary artery bypass surgery. is it always necessary?,"in our cohort, selective screening of patients aged>70 years, with carotid bruit, a history of cerebrovascular disease, diabetes mellitus or pvd would have reduced the screening load by 40%, with trivial impact on surgical management or neurological outcomes. final decision: no",pubmedqa_train,evidence_qa
should direct mesocolon invasion be included in t4 for the staging of gastric cancer?,mesocolon invasion should be included in t4 for the staging of gastric cancer. final decision: maybe,pubmedqa_train,evidence_qa
do surrogates of injury severity influence the occurrence of heterotopic ossification in fractures of the acetabulum?,"surrogates of injury severity, including days in the icu and non icu hospital los>10 days, were associated with the development of ho in our cohort of acetabular fracture patients. prophylaxis with xrt was significantly protective against the development of ho, and the ability to provide prophylaxis is very likely related to the severity of injury. final decision: maybe",pubmedqa_train,evidence_qa
does pretreatment with statins improve clinical outcome after stroke?,"the statistical power of this case referent study was such that only large beneficial effects of statins in acute stroke could be confirmed. however, the observed trend, together with experimental observations, is interesting enough to warrant a more detailed analysis of the relationship between statins and stroke outcome. final decision: no",pubmedqa_train,evidence_qa
processing fluency effects: can the content and presentation of participant information sheets influence recruitment and participation for an antenatal intervention?,font influenced pregnant women's ratings of intervention complexity. final decision: yes,pubmedqa_train,evidence_qa
sternal fracture in growing children : a rare and often overlooked fracture?,isolated sternal fractures in childhood are often due to typical age related traumatic incidents. ultrasonography is a useful diagnostic tool for fracture detection and radiography is the method of choice for visualization of the extent of the dislocation. final decision: maybe,pubmedqa_train,evidence_qa
is there a correlation between androgens and sexual desire in women?,"in the present study, ft and androstenedione were statistically significantly correlated with sexual desire in the total cohort of women. adt g did not correlate more strongly than circulating androgens with sexual desire and is therefore not superior to measuring circulating androgens by mass spectrometry. final decision: yes",pubmedqa_train,evidence_qa
does immediate breast reconstruction compromise the delivery of adjuvant chemotherapy?,"we found no evidence that ibr compromised the delivery of adjuvant chemotherapy, although there was a significant incidence of implant infection. final decision: no",pubmedqa_train,evidence_qa
human papillomavirus and pterygium. is the virus a risk factor?,the low presence of hpv dna in pterygia does not support the hypothesis that hpv is involved in the development of pterygia in denmark. final decision: maybe,pubmedqa_train,evidence_qa
can prism predict length of picu stay?,"the ann with its intrinsic ability to detect non linear correlation, and to relate specific item patterns to los, outperformed linear statistics but was still disappointing in estimating individual los. it might be speculated that therapeutic intervention modulates the natural course of the disease thus counteracting both disease severity as initially scored by prism, and los. this being true, the inverse of the correlation between prism (or prism based los estimate) and los might be a candidate indicator of quality of care. final decision: no",pubmedqa_train,evidence_qa
can predilatation in transcatheter aortic valve implantation be omitted?,tavi can be performed safely without balloon predilatation and with the same early results as achieved with the standard procedure including balloon predilatation. the reduction in the number of pacing periods required may be beneficial for the patient. final decision: yes,pubmedqa_train,evidence_qa
autoerotic asphyxiation: secret pleasure lethal outcome?,"pediatricians should be alert to the earliest manifestations of aea. awareness of choking games among the young and, of those, a subset who eventually progress to potentially fatal aea is strongly encouraged among all primary care professionals who may be able to interrupt the behavior. final decision: yes",pubmedqa_train,evidence_qa
major depression and alcohol use disorder in adolescence: does comorbidity lead to poorer outcomes of depression?,"the results of these analyses suggest that marginally higher rates of depression to age 35 amongst the comorbid md/aud group were explained by increased exposure to adverse childhood circumstances amongst members of the comorbid group. adolescent md/aud comorbidity is likely to be a risk marker, rather than a causal factor in subsequent md. final decision: no",pubmedqa_train,evidence_qa
cold preparation use in young children after fda warnings: do concerns still exist?,"despite current recommendations, cough and cold medicines are still used in children younger than 6 years of age. a significant portion of caregivers report that they are still unaware of public warnings, potential side effects, and interactions with other medications. final decision: yes",pubmedqa_train,evidence_qa
does a 4 diagram manual enable laypersons to operate the laryngeal mask supreme®?,in manikin laypersons could insert lmas in the correct direction after onsite instruction by a simple manual with a high success rate. this indicates some basic procedural understanding and intellectual transfer in principle. operating errors (n = 91) were frequently not recognized and corrected (n = 77). improvements in labeling and the quality of instructional photographs may reduce individual error and may optimize understanding. final decision: yes,pubmedqa_train,evidence_qa
can we measure mesopic pupil size with the cobalt blue light slit lamp biomicroscopy method?,"although the slbm is quite repeatable, it underestimates mesopic pupil size and shows a too wide range of agreement with cip. slbm shows low sensitivity in detecting pupils larger than 6 mm, which may be misleading when planning anterior segment surgery. previous grading consensus training strategies may increase interrater reproducibility, and compensation for the systematic underestimation could improve accuracy of the slbm. final decision: no",pubmedqa_train,evidence_qa
should circumcision be performed in childhood?,"incomplete separation between prepuce and glans penis is normal and common among new borns, progressing until adolescence to spontaneous separation, at which time it is complete in the majority of boys. accordingly to the criteria we have sustained for years and present study's findings, circumcision has few indications during childhood, as well as forced prepucial dilation. final decision: no",pubmedqa_train,evidence_qa
does a colonoscopy after acute diverticulitis affect its management?,"our results suggest that colonoscopy does not affect the management of patients with acute diverticulitis nor alter the outcome. the current practice of a routine colonoscopy after acute diverticulitis, diagnosed by typical clinical symptoms and ct needs to be reevaluated. final decision: no",pubmedqa_train,evidence_qa
do instrumental activities of daily living predict dementia at 1 and 2 year follow up?,"iadl disability is a useful addition to the diagnostic process in a memory clinic setting, indicating who is at higher risk of developing dementia at 1 and 2 year follow up. final decision: yes",pubmedqa_train,evidence_qa
does the simultaneous use of a neuroendoscope influence the incidence of ventriculoperitoneal shunt infection?,"in the present study, the use of an endoscope during vps procedures did not increase the risk of surgical infection. final decision: no",pubmedqa_train,evidence_qa
"body perception: do parents, their children, and their children's physicians perceive body image differently?",many children underestimated their degree of overweight. their parents and even their attending physicians shared this misperception. this study demonstrates the need to further educate physicians to recognize obesity and overweight so that they can counsel children and their families. final decision: yes,pubmedqa_train,evidence_qa
is a specialised training of phonological awareness indicated in every preschool child?,"a specialized training program to improve phonologic awareness as a basis for reading and writing in every kindergarten and preschool child seems to be unnecessary. however, children with temporary hearing deficits benefit from such a program. for all other children general perception training may be sufficient. final decision: maybe",pubmedqa_train,evidence_qa
is there any relationship between streptococcal infection and multiple sclerosis?,"these findings indicate that a relationship between multiple sclerosis and streptococcal infections may exist, but to acquire a better understanding of the role of group a streptococci in the pathogenesis of multiple sclerosis, more studies with animal models are necessary. final decision: yes",pubmedqa_train,evidence_qa
is the combination with 2 methoxyestradiol able to reduce the dosages of chemotherapeutices in the treatment of human ovarian cancer?,2me is able to enhance the antiproliferative activity of certain chemotherapeutics at pharmacological relevant concentrations. this estradiol metabolite is currently in a phase ii trial in patients with refractary metastatic breast cancer and the tolerability has been shown to be very good. the combination of 2me with chemotherapeutics may therefore offer a new clinically relevant treatment regimen for hormone dependent cancer. final decision: yes,pubmedqa_train,evidence_qa
assessing joint line positions by means of the contralateral knee: a new approach for planning knee revision surgery?,"as a new assessment method, we have suggested to assess the jl by means of radiographs of the contralateral knee. the most precise parameter was found to be the distance between the fibular head and the jl. the level of arthritis, age, gender, visibility of the landmarks, and misalignment did not influence measurement accuracy. this parameter is the first tibia related landmark for assessing the jl, which advantageously corresponds to the tibia first technique in revision surgery. final decision: yes",pubmedqa_train,evidence_qa
does the type of tibial component affect mechanical alignment in unicompartmental knee replacement?,"patients who received a metal backed onlay tibial component obtained better postoperative mechanical alignment compared to those who received all polyethylene inlay prostheses. the thicker overall construct of onlay prostheses appears to be an important determinant of postoperative alignment. considering their higher survivorship rates and improved postoperative mechanical alignment, onlay prostheses should be the first option when performing medial ukr. final decision: yes",pubmedqa_train,evidence_qa
is tumour expression of vegf associated with venous invasion and survival in pt3 renal cell carcinoma?,"progression of a pt3 tumour into the renal vein and vena cava is not associated with increased tumour expression of vegf. however, vegf is an independent prognostic factor in this group of poor prognosis renal tumours. final decision: maybe",pubmedqa_train,evidence_qa
injury and poisoning mortality among young men are there any common factors amenable to prevention?,"alcohol and drug use are important contributory factors to injury and poisoning deaths. more research is needed into the effects of unemployment and being single on the health of young men, and to investigate the motivations behind risk taking and self destructive behaviour. final decision: yes",pubmedqa_train,evidence_qa
continuation of pregnancy after antenatal corticosteroid administration: opportunity for rescue?,"rescue ac may apply to only 18% of cases, and we identified subsets of more likely candidates. final decision: maybe",pubmedqa_train,evidence_qa
does either obesity or osa severity influence the response of autotitrating cpap machines in very obese subjects?,"in this population, neither bmi nor neck circumference nor waist circumference is predictive of autocpap pressure. therefore, the previously derived algorithm does not adequately predict the fixed cpap pressure for subsequent clinical use in these obese individuals. in addition, some subjects without osa generated high autocpap pressures, and thus, the correlation between osa severity and autocpap pressure was only moderate. final decision: yes",pubmedqa_train,evidence_qa
does the clinical presentation of a prior preterm birth predict risk in a subsequent pregnancy?,patients with a history of acd are at an increased risk of having recurrent preterm birth and cervical shortening in a subsequent pregnancy compared with women with prior preterm birth associated pprom or ptl. final decision: yes,pubmedqa_train,evidence_qa
is the distance worth it?,"our results indicate that when controlled for patient, tumor, and hospital factors, patients who traveled a long distance to a high volume center had improved lymph node yield, neoadjuvant chemoradiation receipt, and 30 and 90 day mortality compared with those who traveled a short distance to a low volume center. they also had improved 5 year survival. see video abstract at http://links.lww.com/dcr/a446. final decision: yes",pubmedqa_train,evidence_qa
aripiprazole: a new risk factor for pathological gambling?,adverse drug reactions were confronted with other already published case reports. dopamine partial agonist mechanism of aripiprazole could explain the occurrence of pathological gambling. final decision: yes,pubmedqa_train,evidence_qa
immune suppression by lysosomotropic amines and cyclosporine on t cell responses to minor and major histocompatibility antigens: does synergy exist?,lysosomotropic amines in combination with cyclosporine appear to be synergistic in the suppression of t cell proliferation to mihc and mhc. use of chloroquine in combination with cyclosporine may result in improved control of gvhd. final decision: yes,pubmedqa_train,evidence_qa
does induction chemotherapy have a role in the management of nasopharyngeal carcinoma?,"while not providing conclusive evidence, this single institution experience suggests that neoadjuvant chemotherapy for stage iv npc patients improves both survival and disease control. recurrence within the irradiated volume was the most prevalent mode of failure and future studies will evaluate regimens to enhance local regional control. final decision: yes",pubmedqa_train,evidence_qa
treatment of contralateral hydrocele in neonatal testicular torsion: is less more?,we have demonstrated that approaching a contralateral hydrocele in cases of neonatal testicular torsion solely through a scrotal incision is safe and effective. inguinal exploration was not performed in our study and our long term results demonstrate that such an approach would have brought no additional benefit. in avoiding an inguinal approach we did not subject our patients to unnecessary risk of testicular or vasal injury. contralateral hydrocele is commonly seen in cases of neonatal testicular torsion. in our experience this is a condition of minimal clinical significance and does not warrant formal inguinal exploration for treatment. this conservative management strategy minimizes the potential of contralateral spermatic cord injury in the neonate. the aims of the study were met. final decision: maybe,pubmedqa_train,evidence_qa
"are normally sighted, visually impaired, and blind pedestrians accurate and reliable at making street crossing decisions?","our data suggested that visually impaired pedestrians can make accurate and reliable street crossing decisions like those of normally sighted pedestrians. when using auditory information only, all subjects significantly overestimated the vehicular gap time. our finding that blind pedestrians performed significantly worse than either the normally sighted or visually impaired subjects under the hearing only condition suggested that they may benefit from training to improve their detection ability and/or interpretation of vehicular gap times. final decision: maybe",pubmedqa_train,evidence_qa
is it crohn's disease?,"granulomatous myelotoxicity and enteritis developed in a 21 year old female within 3 weeks of initiating sulfasalazine for rheumatoid arthritis. following a short course of corticosteroids, the patient had resolution of her cholestatic hepatitis, rash, eosinophilia, and gastrointestinal symptoms with no residual manifestations at 7 months follow up. although severe reactions to sulfasalazine are rare and unpredictable, practicing physicians should be aware of unusual clinical presentations of toxicity when prescribing sulfasalazine. final decision: maybe",pubmedqa_train,evidence_qa
is chaalia/pan masala harmful for health?,"the frequency of habits of chaalia and pan masala chewing, by school children in lower socio economic areas is extremely high. the probable reasons for this high frequency are taste, the widespread use of these substances by family members and friends, low cost and easy availability. final decision: yes",pubmedqa_train,evidence_qa
does multi modal cervical physical therapy improve tinnitus in patients with cervicogenic somatic tinnitus?,"cervical physical therapy can have a positive effect on subjective tinnitus complaints in patients with a combination of tinnitus and neck complaints. larger studies, using more responsive outcome measures, are however necessary to prove this effect. final decision: yes",pubmedqa_train,evidence_qa
detailed analysis of sputum and systemic inflammation in asthma phenotypes: are paucigranulocytic asthmatics really non inflammatory?,"this study demonstrates that a significant eosinophilic inflammation is present across all categories of asthma, and that paucigranulocytic asthma may be seen as a low grade inflammatory disease. final decision: maybe",pubmedqa_train,evidence_qa
is hiv/std control in jamaica making a difference?,"hiv/std control measures appear to have slowed the hiv/aids epidemic in jamaica, however a significant minority of persons continue to have unprotected sex in high risk situations. final decision: yes",pubmedqa_train,evidence_qa
is panton valentine leucocidin associated with the pathogenesis of staphylococcus aureus bacteraemia in the uk?,we found that 1.6% of s. aureus (all mssa) from bacteraemic patients were pvl positive. this low incidence suggests that pvl positive s. aureus are of no particular significance as causative agents of s. aureus bacteraemia. final decision: maybe,pubmedqa_train,evidence_qa
are even impaired fasting blood glucose levels preoperatively associated with increased mortality after cabg surgery?,the elevated risk of death after cabg surgery known previously to be associated with cdm seems also to be shared by a group of similar size that includes patients with ifg and undiagnosed dm. final decision: yes,pubmedqa_train,evidence_qa
does positron emission tomography change management in primary rectal cancer?,"position emission tomography scanning appears to accurately change the stage or appropriately alter the therapy of almost a third of patients with advanced primary rectal cancer. in view of this, we suggest that position emission tomography scanning be considered part of standard workup for such patients, particularly if neoadjuvant chemoradiation is being considered as part of primary management. final decision: yes",pubmedqa_train,evidence_qa
can you deliver accurate tidal volume by manual resuscitator?,"the tidal volume delivered by a manual resuscitator shows large variations. there were significant differences in the volume delivered by compression methods, but physical characteristics are not a predictor of tidal volume delivery. the manual resuscitator is not a suitable device for accurate ventilation. final decision: no",pubmedqa_train,evidence_qa
can increases in the cigarette tax rate be linked to cigarette retail prices?,"numerous studies have found that taxation is one of the most effective policy instruments for tobacco control. however, these findings come from countries that have market economies where market forces determine prices and influence how cigarette taxes are passed to the consumers in retail prices. china's tobacco industry is not a market economy; therefore, non market forces and the current chinese tobacco monopoly system determine cigarette prices. the result is that tax increases do not necessarily get passed on to the retail price. final decision: no",pubmedqa_train,evidence_qa
vertical lines in distal esophageal mucosa (vlem): a true endoscopic manifestation of esophagitis in children?,histology usually demonstrated moderate to severe inflammation when vlem were present. vlem may be a highly specific endoscopic feature of esophagitis in children. final decision: yes,pubmedqa_train,evidence_qa
does hypoglycaemia increase the risk of cardiovascular events?,"severe hypoglycaemia is associated with an increased risk for cv outcomes in people at high cv risk and dysglycaemia. although allocation to insulin glargine vs. standard care was associated with an increased risk of severe and non severe hypoglycaemia, the relative risk of cv outcomes with hypoglycaemia was lower with insulin glargine based glucose lowering therapy than with the standard glycaemic control. trial registration (origin clinicaltrials.gov number nct00069784). final decision: yes",pubmedqa_train,evidence_qa
does the radiographic transition zone correlate with the level of aganglionosis on the specimen in hirschsprung's disease?,correlation between level of radiographic transition zone on contrast enema and length of aganglionosis remains low. systematic preoperative biopsy by coelioscopy or ombilical incision is mandatory. final decision: no,pubmedqa_train,evidence_qa
is dexamethasone an effective alternative to oral prednisone in the treatment of pediatric asthma exacerbations?,"the current literature suggests that dexamethasone can be used as an effective alternative to prednisone in the treatment of mild to moderate acute asthma exacerbations in children, with the added benefits of improved compliance, palatability, and cost. however, more research is needed to examine the role of dexamethasone in hospitalized children. final decision: yes",pubmedqa_train,evidence_qa
